{"Geoffrey E. Hinton": 0.2240355178286925, "Yoshua Bengio": 0.16990613097075338, "Ilya Sutskever": 0.1661471457722854, "Li Fei-Fei": 0.13682706122423502, "Richard Socher": 0.13381987306546064}